x1,x2,x3,y
-0.9265419356146589,-0.1369650144816379,0.8437055373169131,-0.2143560710642105
0.4298252723056817,0.14913197997610106,-0.7864197365466563,0.3205658955418821
0.9931359700023707,-0.753560312319167,-0.14322426407648958,1.5557206633609828
-0.1709506996125405,0.9414049573133556,0.9592575500766811,11.630328328420093
0.18626831469851002,1.0,-0.5724511546038094,10.304312707851732
-0.09846711018429044,-0.2962955216562535,-0.3998405268873375,0.32710682538670577
1.0,1.0,-0.8647502508591081,32.95468783388674
0.0352299669394871,0.17914402731271917,0.1092418638695809,1.3943594810755804
-1.0,-0.06269477621746322,-0.11154456809324076,-4.4301364882318595
0.21220464644814885,-1.0,0.8361927268010396,-4.2394894115218245
0.22879823368052454,0.4270011411326273,-0.5169391120361184,0.3659256814886125
0.08025115035584518,0.7902055580009022,-0.4122265694689613,3.080477870787439
-1.0,-1.0,-0.4856373056965766,4.810885946220493
-0.3155842145131975,1.0,-0.29860264937282843,6.7494829777201595
0.0415693633798504,1.0,-0.05184123062201618,7.9084961827020965
-1.0,-0.3594777330387222,-0.17720506994366536,-3.207197238435241
1.0,-0.38521293059861916,-0.2506737383027082,4.638102089243457
1.0,-0.13384602014882874,0.5777369013076454,5.87274499552587
-0.7050109443249308,1.0,-0.16591074176963216,5.7353484237738535
0.13743645720687225,-0.21165365705096217,1.0,-1.0995326238026686
-0.32388945895491483,-0.3269005958694071,0.6947706009790848,0.49659516765675876
0.5546723127614139,0.4512063889802551,0.6332825409434697,0.9149112057837484
-0.14211496927428557,-0.5963801362607732,0.21914038611117492,1.1896496133709067
-0.027804738059810097,1.0,-0.8396345720379395,8.146961150250826
-0.14550419469193687,1.0,1.0,14.188718457600048
-0.41108912009142307,-0.9765458982362281,0.8422863287122011,-0.21303017587965734
0.8662983564735092,0.600686633274006,-0.1715644079660954,3.00585436021792
-0.641977249925928,0.5433587842809728,1.0,4.835092440391853
1.0,-1.0,0.6427935098295032,-5.5201973659872765
0.21351822054817138,0.07295573360379759,-0.11682659906238935,1.0194715722817278
-1.0,1.0,-0.7015156513266558,13.820354536142165
0.8003678343933398,-1.0,-0.38224060169091967,-5.114640431121722
-0.8839322529907128,0.6088733018286867,0.2309832362912061,-3.633441590081588
1.0,-0.41925797744191184,-0.043623349168928405,3.4772445021935656
1.0,0.4079761170084055,0.749309807705286,12.624106037211408
0.5959789948562002,1.0,-0.1259457244308484,8.505063970151877
0.10398534907038415,-0.5699004729631008,0.22984291618880381,0.7587550472652462
-0.060808191981094106,-1.0,-0.5659692054936036,-1.3242116914897628
1.0,-0.13894559829248054,0.6497770535522664,6.956622418351577
-0.0843809249694818,1.0,-1.0,3.5860362849231198
-0.8483110512249146,-0.46729920455235696,0.9166497616153935,4.229836118846547
0.2510089259074786,-1.0,-0.25349043731118437,1.5204758355697658
-0.884022026155437,-1.0,-0.37900691970946476,5.661759329308578
0.1733011981946,0.8119910666485075,0.2244726274299116,2.1870627801961167
-1.0,-0.026243018275056373,0.7317733858265223,-2.4184824671617466
-0.9048128975687082,-0.8816264348270888,1.0,11.656405612987394
-0.7281804881093816,1.0,1.0,16.22269615934218
0.2918538199137759,0.1264687077027622,0.004517403547371401,1.3028331397066968
0.34508047381396634,0.22791028761589183,-0.18519216514908932,1.1655175911381734
-0.7776647129493048,-0.32863947751948963,-0.25157034811628076,0.3626274891271557
0.25335252545403963,-1.0,0.10158586646150414,1.209582826639321
0.5662550237420665,0.9440068948013582,-1.0,5.0504927535938515
-0.995195013241567,0.1483952858260491,0.7681420858843251,-2.5838039267737565
1.0,-0.6026870707320076,-0.38311228948134124,3.7712244360100193
-0.8156048781299758,0.026653042381526104,0.5651612673759756,-1.4406932535797043
-0.44501516702559885,-0.9116143440247548,-0.17433476911344048,3.580498806117328
-0.026321014843290413,-0.44951131506316755,0.4533456624216421,0.20002663554192668
-0.16360199265926534,-0.9610430114494373,-0.2811691843444726,2.8705419426611245
0.6925064053629282,0.1402712789409719,-0.4686347119570853,1.2238104923989743
-1.0,0.22218466205429444,-1.0,13.303759027324638
-1.0,0.6973906027497496,0.4587982668513231,-3.1219539959707685
1.0,-0.8375537069911414,-0.8415768476377901,-2.58269325044104
0.6994772701889522,0.30479506435233605,-0.3924494323809844,1.9540032273213779
0.9718245051792194,-0.33432166596006696,1.0,5.38111876826695
0.29330536382876304,-0.5148684884480077,0.6878430116794403,0.008263872853849441
-1.0,1.0,0.37917783834215024,2.5311135224924604
-0.5660769113492117,0.09774854468410155,-1.0,0.2946850160152107
-0.08089706598104152,0.053859055884980966,0.13409175528880413,0.3192862191185447
-0.5676251463992477,0.2269940933625998,-1.0,0.015544330113320792
-0.4492980504444539,-0.05308259964730011,-1.0,-1.5157716366406635
0.7458474175941185,-0.44091793418091707,1.0,-0.6276144549029825
-0.6745086140091336,0.36125743700616475,0.7607870922477333,-0.17670698255647033
1.0,1.0,0.2686209295115145,13.202060779053939
-1.0,-0.9674243692202864,-0.7673448157822274,3.3281200606967913
1.0,-0.5827809012578773,-0.0830627263618986,3.763795916590116
-0.9205741490449941,-0.5555563002932902,1.0,7.231221966505967
-1.0,0.2206715640307173,-0.2533250844321824,-3.0836262867067097
0.6198262222841255,0.5829541787650714,-0.18276932971916726,1.4362445555163308
-1.0,1.0,0.11487007785124015,6.401442480078317
0.21712158525802128,-0.08979010281298216,-0.009615122445991275,1.0030716279083394
-0.06343492713889987,0.32678225354474066,0.3674218468536936,-0.09428206478814151
0.061258437166211266,0.40472604770968834,0.319590325918361,-0.10613461157731907
0.863413867703918,0.04112183135477698,-0.4275749743761865,2.9677558156908153
1.0,-0.8529336046481317,-0.38974297619755016,-0.8173323741559819
-0.1457012443530774,-0.7894499101796248,-0.5403750130735931,1.8103233860404306
0.28971012671019536,0.34324311866687074,-0.7034421064731562,1.3319785616918205
0.25986004183641875,-0.24813520992438853,0.25810230591281047,1.6758608120726
0.47780368768797876,-1.0,-1.0,-23.24237223368436
0.06426078510291311,0.36518267522403636,-0.4407650534395968,1.6464297040044396
0.6557624653074139,-0.8058632053809698,-1.0,-12.41762239018175
0.6956226948733428,-0.27820347884914254,-0.10935813510135328,1.3362751046788026
0.20023778526328329,-0.22841380178025306,1.0,-1.8109342254306715
0.8820506150970249,-0.8241176771010992,-0.4684089375796099,-0.6245645286615258
-0.23216586092701474,0.1064151460999001,-0.023059622754993514,-0.07953778589357531
0.4158158674570622,0.7450404258059737,-1.0,-2.467001832743797
-0.6646994934564043,-1.0,0.8105022758307532,3.3762622737713333
1.0,0.0208792326014966,0.19294646979380303,5.3243591097288006
0.13313019312651453,-1.0,0.1842016452773516,2.1525271130493473
-0.01408452629887269,0.2670950529306211,-1.0,-2.847649337727165
0.614216196020249,0.591828314328378,-0.426631214804823,0.9444676031532026
-0.7532144875933788,-0.19018698252787325,1.0,2.745103005969891
0.0046464441045097615,-0.3567152699592777,-0.15721510896016233,1.6030945246286983
0.502130108946607,-0.18618907412220542,0.5300699829119624,1.5674618682277288
-0.6028608530643076,-1.0,-0.6804734711553839,-0.5876692729362099
0.00011969551789259292,-0.5867319343786885,0.11686044499411063,0.5296997457917939
-0.31969664158482036,0.9450189326527973,1.0,12.916403903321896
1.0,0.6312279015845355,0.6822759495069572,13.794836518495384
-1.0,-1.0,0.6345958843654047,14.44112454750936
-1.0,-0.9002127293068838,0.5797345187231366,10.408506093457772
0.6812557572749627,-0.06992374662555978,1.0,1.0783464461375527
-0.6097520829648304,1.0,-0.3209515261660838,5.673918809046549
-1.0,-0.6937156887074347,0.42814458471743855,3.116601439444581
-0.1390453726097427,0.5247550977003319,-1.0,-4.049398480230566
-0.04475268007608535,-0.8579317655520446,-0.15268342129912016,2.2586680730695257
0.3097919518275265,-0.026538310475815452,-0.4187617555433474,0.7812395604128917
0.3622427074006698,-0.6283633912988995,-0.7629693938340305,-0.7676841949482576
-0.8768732967828072,-1.0,-0.3980834346705,5.230246842457859
-0.853133549098051,0.3885799765967919,0.015254707737329731,-3.832221816577839
0.04313005355234356,-0.37589308165182067,-1.0,-5.05509489097824
-0.527419313313888,0.22237812240385946,0.0472377282784564,-0.4233637012836685
0.20399124208126285,-1.0,0.27172417715658925,1.3005022465601925
-0.3418587519074796,-1.0,0.5233801505162816,2.4185913736086997
-0.2903522824908451,0.007444545395609792,1.0,0.8668156681432603
-0.49707124877806685,-0.2908122037922187,0.04864547115081508,0.23555621922978948
-0.7636370864362596,0.817729017374478,-0.05032929396681474,-1.411963843578316
-1.0,-1.0,0.8834197073384678,18.727197777289202
0.3927981663240725,-0.6047886644048301,-0.8386913346599405,-2.326806613277388
-0.2890733641813954,1.0,0.6230970712813004,7.8806222820185585
-1.0,1.0,-0.5209167626239697,12.317981738702478
0.6323900381860097,0.6133550214325154,0.13055473346081636,1.772154778225347
0.47882939052238727,0.8335465128019084,0.29243664883852993,3.216013067191376
0.08214634272718735,-0.037793549516131675,0.45127490617891275,0.7013990382880946
-1.0,-0.27781876736159794,-0.6296558093613358,-0.6193493945103548
0.05209751207756774,0.5929444138415914,0.24187151597004863,0.9349390632162831
0.8883705314114017,1.0,-0.2543177648402988,11.644763892287743
0.6270178322793305,0.4616257313171843,0.7403848269160853,2.4572148201069735
-0.8065654447945372,-1.0,-0.7992461844944352,0.15793155154392619
-0.4552693708040749,-1.0,1.0,-3.168610189477532
-0.6121980610036679,0.8970726295129394,-0.5673247704844411,-0.06430227772845609
-0.3393272162028669,-0.8843804516266667,-0.5152117086396584,1.2458203745102288
-0.2515193970797578,-0.5100396030035723,1.0,-1.2325520881851455
1.0,-0.18611522810709769,0.8189807011255981,7.750269256430332
-1.0,-1.0,1.0,21.706059736779316
-0.5123425362723983,0.16095112921799348,0.6105051168660771,-1.045455584137406
-0.5256330531774729,-1.0,0.9891089476750803,-1.591186147501078
-0.9510332460703141,0.5422497452426813,0.859699661755531,-0.41101081552690333
0.2599592526460195,-1.0,0.8062709189807689,-3.1053301850727038
-0.8870244711372393,0.4013498879068327,1.0,3.54445043981883
1.0,-0.4617300274941245,0.9046628505569403,5.743490739913863
-0.1542938211608249,-0.6913232677091661,0.06993022189116793,1.0492952718548616
0.8168825445372194,-1.0,0.20496135481713185,-3.9386290553350225
-0.5799509999534074,1.0,-0.7371518891770354,3.706403264538572
0.8051508336772208,1.0,0.6260685177020808,9.185788092546808
-0.0387113619801398,0.21798647897032253,-0.5567413240869079,0.0066438798485143336
-0.5418720951895932,0.06512623276414087,-1.0,-0.17857831810002503
1.0,0.6909657686677377,0.6324460538808157,12.32580270728847
0.8564557272182669,0.2566195047455966,0.07941600732778298,4.040501279397352
-0.8049482302903255,-0.10671858781311361,0.27988145348598814,-0.7789412815548108
0.2977309308710332,-1.0,0.9261252091234422,-5.438407212298291
0.15044755202682802,-0.8207038991010991,-0.7116796144782906,-1.7069829995376211
-0.8281214119284555,-0.8163866999623572,-0.9518120757071071,1.6575333228853104
0.818871285016793,-0.012670299074397873,-1.0,0.877301060844447
-0.6494652887439976,1.0,0.006062057125572284,5.2143623924986136
0.8767716027686809,-1.0,-1.0,-29.03270297505337
0.12783826403108378,-1.0,0.7841856518474737,-2.0323127802327257
0.1513640849290947,1.0,-0.8654865952040434,9.444288412477416
-0.8909645264965367,0.16021030106968537,0.1398496762558774,-3.6165571916951422
0.3903068011761639,-0.665729783844639,0.2282963037219108,1.6049521824520148
-1.0,-0.8356362888499176,0.9818536288563458,16.935286291210762
-0.3541787389128035,0.695853795925522,-1.0,-4.594922515500111
1.0,0.2793820258012114,0.5297107586855869,8.743800773623537
1.0,-0.3382927072865545,-0.3588907766111509,4.8108749308101215
0.7795114833868879,1.0,0.16621034725949135,7.654898604305314
1.0,-0.011058015116179876,0.83315140401594,9.82059097715614
-0.9007123336790641,0.3921768749020469,0.43841672864709746,-4.742222361159002
-0.4160609578620331,0.09087637520177516,0.21581203003950988,-0.868387500169194
-0.21940731927643475,1.0,-0.2452172688285139,7.846699519957699
-0.497226409155058,-0.2564759360333988,0.7963666695246592,-0.22471639935651916
0.9446304413574977,0.4546886533698655,0.40676727223180764,7.255594065506775
0.2432886523906519,1.0,-1.0,4.193631495603658
0.06990623806820229,-0.9513361186566884,0.30700870418507487,1.2234315084427358
0.061659202568119076,0.8353360467715709,0.4431009763256857,2.6128351836963555
0.7317524338617534,0.2049479717075462,0.12560846838938566,2.452447139359341
-0.4271485194833564,1.0,-0.4033686110683661,6.587225093229242
0.8809874815132912,1.0,-0.3975156137768796,13.415801203669977
0.11105864246694153,-1.0,-0.7272467456723233,-5.489611169137317
0.036850342074696396,-0.25873012681432805,0.46552555775200943,0.396432036769123
0.09166877200884382,-1.0,0.28464526977121185,2.2208789463381082
-0.6765389138512465,-1.0,-1.0,-7.911039422310341
-0.49251219383894074,-0.6089575582646984,-0.6596937058611847,0.9178254648139048
0.5143476827974818,-0.957224848509951,-1.0,-18.477117719767183
-0.2848278954219621,0.01460176107273603,0.33897745247529776,-0.5934931412137128
1.0,-0.6361903640087596,0.5767181138085806,4.103205534077441
-0.3442861684219982,0.12493306033010998,-0.6835762860000612,-0.11197508394365698
0.6830566411480241,0.3838377528179451,1.0,4.739447567710964
0.9827034371370851,0.7261438139218994,-0.3998317965708338,6.552672730636418
0.037234814211981604,-0.1814325399074792,-0.9646402851694604,-2.55407817633035
1.0,0.8908829519654327,-0.6292628699216456,13.416382120022156
0.8071070864671746,-0.17964775424096202,0.44712336266986363,3.3548033493723777
-0.9496137010001804,0.46840021661148445,-0.08374341537696584,-2.959087615969001
0.8214818327820395,0.696843183941869,1.0,13.634667912231938
1.0,0.6455340295565415,1.0,25.30563412828317
-0.13018222059350348,-1.0,1.0,-5.974697141808482
-0.9329708029889208,-0.310831490915324,1.0,5.213940124723336
0.10925017886452415,1.0,-0.5422190749230233,10.867635891358
-0.8870182344077273,0.27121714745223136,0.3920093479184501,-3.54087482158675
0.2816606211943957,0.5187069871266392,0.26140416540474165,0.6350190158760617
0.8496876265846058,-0.4847637251580177,0.5841558967841076,3.1406376887373417
-0.191803055001043,-0.5396156463288788,-0.8212744654866653,-1.4617219728563928
-0.1493901442558585,-0.45621967395765495,-0.4732091603667392,0.967239939900364
0.8771211901158245,0.4490480183879886,-0.6472909129986302,2.6620810216034245
-1.0,0.04709437634163671,-1.0,11.377564302739087
0.37683175346311826,1.0,1.0,9.299256751416557
0.14926611321362881,-0.524964761699666,1.0,-1.7141409264661187
0.05898977721947629,1.0,-0.1429744931515442,8.49535326334223
0.21594081762894946,1.0,-0.09589328620862614,9.631992597040584
0.056470194556706765,0.02996717884617839,-1.0,-2.3898416424179083
-1.0,-1.0,1.0,22.090056410789387
-0.2141183538948106,-0.3380995804424687,-1.0,-4.068892409926196
-0.5910255844126115,0.7997559710650306,-0.2437714436902394,-0.2546749822050153
0.23405232696751588,-0.21591867021239763,1.0,-2.0436033490176295
0.1466418172057724,-0.032461333475742205,0.0350601114246345,0.7084318229915426
-1.0,0.6859274707693965,-0.026085066200173923,-0.9444341673078558
0.05636716961437571,0.20470827321229002,0.46729942971593874,0.6015093203863656
-0.3541893774553049,0.9300206294942699,-0.1872832680231531,4.2290731456949135
-0.6969403287622871,0.8331291575070345,0.3803739464974123,-0.3631659883357652
-1.0,-0.2697543648323326,-0.0908996458784157,-2.984624078365887
0.17605093193651244,-0.07002853862563896,-0.5510248648383447,0.9958546375182137
0.5455208792072677,0.4542682266373528,-0.5007930984455937,0.6690617142458506
0.50803235250743,0.8259901775763381,-0.9735284784760811,0.4468869409015023
-0.3890019018286186,0.43700225938899995,0.43826993431099726,-1.027340083123123
1.0,-0.364873028705347,-0.9737603984979679,4.874026897087771
-1.0,0.7806574655036036,0.6023224549176558,-3.203957685079099
-1.0,0.5900748549485071,0.4101588009808661,-3.346569103116802
0.010533642712339253,-0.5998907007153476,-1.0,-7.184786043269194
-0.14093625630076567,0.13160456982165503,1.0,0.6601188276007431
-0.8709937596682855,0.1413471273734026,0.21709775638815576,-3.487200483861461
0.5534596044778812,-1.0,-1.0,-22.02301164746669
1.0,-0.6862842779180796,-0.37661247304107026,3.0678118845139055
-1.0,0.9938731960105913,0.5730157811459855,1.599802147729848
1.0,-1.0,0.8358821168544339,-6.103432094389702
-0.35919926380500966,0.28672324829949813,0.6438083999131528,-0.4710558046652144
0.05414514875469223,-0.1461133748348591,-0.7085363485590608,0.6127268667350173
0.9642540346189208,-0.7098574377868947,0.775709315200354,1.8142990360483155
-0.6062480218764239,-0.2532433533920897,0.008287770256413918,0.22584647405633637
-0.9481907572640018,-1.0,-1.0,1.887070198965223
0.9246230545692553,-0.863011929344732,-0.5510201007818085,-1.4682001270000227
-0.7915806187308192,-0.3089908733809974,0.2748476406525402,-0.2161899140240856
0.14748376070281632,0.7382422259799613,0.46665975491818723,1.5391107131839503
0.5598815459031368,1.0,-0.008918759970840684,7.828163181027524
0.6298780069379306,-1.0,0.09804104991644902,-1.4072681215863079
8.268750278217496e-05,-0.7523102679468909,1.0,-2.2758516602078083
1.0,-0.5615275529849113,0.10234880169332139,3.5228536560952053
0.3700670225388445,-0.9991998654344185,1.0,-7.634369550930039
-0.20451906573122258,0.06944082565311405,0.646644220164204,-0.5781769289610523
-0.7513697062768754,1.0,-1.0,2.555908858877496
-0.25989355191462127,-0.7452769191260413,0.01743621057242528,1.2684543761341645
-0.33728947914266194,-1.0,1.0,-4.479264051272629
0.8279060887172507,1.0,0.4457005024336189,9.029902896904987
0.5446938037725468,0.48702261041348605,0.30609373901873216,0.8142474949599081
0.8319493806687075,-0.06996082782163127,1.0,3.8878333932405313
-0.8558710229332738,0.0686742625051624,-0.2618257845890424,-0.8458963979696661
0.46535647984307427,-0.4804466087647359,0.550390011681654,0.6552478911245003
-1.0,1.0,0.10960276391609503,6.79004362982193
-0.6359149538386781,1.0,-0.07092053673949472,5.766507400472726
-0.04095934627277975,-1.0,0.7139112233436045,-0.8146104467442123
-1.0,-0.36885871050198604,1.0,6.7060270471518795
-0.023037167496055,-0.32968149681023373,-1.0,-3.7453029210493387
-1.0,0.202934875627512,-0.640602345556021,0.1900242006213676
-0.8226823280276361,-0.43076373252947464,0.3668418717406221,0.4776921977022985
-0.9555735467455482,0.5850982429175817,0.3023528837907039,-3.5451300829105907
0.11898331237598914,1.0,0.9214104156374074,10.895279242685216
0.11155873182624454,0.9851626698485549,-0.6066162273246265,9.20121310256435
0.6929047772499284,-0.28429748963457135,-1.0,-3.873046111556171
0.5302066061054369,-0.48545951004339316,0.945622289142706,-2.591589290922835
-0.15608362171745593,-0.2869906256832424,-0.20619626223102894,1.3364933945858948
-0.8743413234031094,0.030760826418662512,-0.6475807908094495,0.7110794056531243
1.0,1.0,-0.2118736439814224,16.58943333156031
-0.6335797646680996,0.21703151171937196,-0.48045875760716483,-0.8496336406302252
-0.43642045138916097,0.5631008731136302,0.010224244759409862,-1.2524433111565925
-0.5197063884784447,-0.3253103612866661,1.0,1.1603517044328389
0.26767747120091245,0.9936560561025511,-0.5095204231320323,9.736019235616082
-0.7160281923325107,-0.7810618922585459,-1.0,-1.3552356219296242
0.41001691637018123,-0.3909762984117975,-0.06673092639154432,0.5808298040603029
0.37299920051833,1.0,-1.0,5.660978415639548
-1.0,-0.07624880506515597,-0.22263117933956122,-3.9221867780285637
1.0,-0.19132669255173163,-0.0733909432604074,5.0555419012315665
0.36022535159480196,-0.8382536678247665,-0.5664397506955527,0.29428096381053925
-0.7865420272936343,-0.43772231168226705,1.0,3.657476458368603
-1.0,-0.40729081353250485,-0.6084802628061112,-0.5563022898003616
-0.13646344289121992,0.8084098512197786,-0.2625514737710475,1.6998757140064829
-0.5389671051166758,0.011595891120868451,1.0,1.8286726484091467
-0.6406647044255811,-0.045524849845502535,-0.4164996043883209,-0.8300877269406901
0.8511606945898214,-0.17266976554497004,0.23195295258028126,3.4445095441168485
-0.13147507667904246,0.36589663137704886,0.4679710228673115,-0.42420498502335274
-1.0,0.412563530021697,0.01243892273121383,-3.420865399854995
-0.38133417650410806,-0.8689910676029196,0.30541214087201274,2.312996309919385
0.06462147043430688,-0.5152922076390021,-1.0,-5.916060430182606
-0.963054332500886,0.5392860347277997,1.0,5.637792083668001
-0.01497401014927302,0.6973706153604535,-0.94974553714959,-2.5737374876017247
0.8271169140586334,-0.9066832434637657,-0.8583160778743348,-9.879372466882206
-0.11260884759006973,-0.4360480730761236,0.14768607263816436,0.9210505449570453
-1.0,-1.0,-0.9514292733684204,2.2531707265437557
-0.34207589068727984,0.02725831082281749,-0.31036467835546033,-0.13775304857109866
0.14690974537682955,-0.1551954159248461,1.0,-1.5918476225471518
-1.0,0.0011721279196237333,-0.26915101287070176,-2.719132845368735
0.796321018871974,0.45039230741128966,1.0,9.599850424441588
0.08375652711616333,-0.1981266259188179,-0.2164256277216572,1.6156082055908465
-0.7128147960025117,0.0731490627355933,-0.9529564938867734,2.30262189301866
0.5304034793717369,0.25132392368424683,-0.023746440002182734,1.6729934011955236
0.5798047204167494,-0.7986464437051863,-0.19175015202895707,1.20107282160262
0.8089325369026692,0.48915952354644365,-1.0,1.832733561191851
-0.6613522825368747,-0.324666657122461,0.1298203462158114,-0.2549244126958622
-1.0,0.26915645208859007,-1.0,14.176580828028785
1.0,-0.05279385402457115,-0.22841448776103368,4.705148439541461
1.0,-0.9821573405608568,1.0,-8.542415754960917
-1.0,0.5986353534930275,0.8623464293231342,-0.2736852750879179
0.10413830227158094,1.0,0.7673357707947654,9.320455351969747
0.06337197467000699,-1.0,-1.0,-18.187430978491637
-1.0,-1.0,-0.3005361253402039,6.201934050827384
0.06860489874791953,-0.43081955551671314,0.3901727548930385,1.1640035131987825
0.25363388554428234,-0.5164846824374274,0.6610675582822416,0.6025008398307025
-1.0,0.2462029916857129,-0.7281563466244168,1.815697721313736
0.2126751588021658,1.0,0.8488563265032363,10.100054626831731
-1.0,-0.5233870554729494,0.9072611366405174,6.603790381783681
-0.9510078506465414,0.4298040906844145,0.6404075128282218,-3.566376397728155
-0.37408953386545885,0.9127825932336537,-1.0,-1.4355125705936966
0.13415396312593164,0.6559351799943962,-0.8054740891902454,0.5090547821095757
-0.32417703228951034,0.7234795258838558,0.14686132630102922,0.044481791232936885
-1.0,-0.38143256542936577,1.0,6.8776820902197695
0.3912576046256888,0.9166690171992642,1.0,8.398417133692014
0.17470816478869056,-0.31436172377119864,1.0,-1.4587635873285574
-0.06435658328234362,0.98289240169226,-0.3850354656324526,8.464321739737947
0.41853470880102006,-1.0,0.1491792069965434,-0.023823966168027177
1.0,-0.6604264943816631,0.20107504767495699,2.2997394921173524
-0.17731701642666442,0.1555452226952776,0.17164564837212493,-0.4151791408685023
0.2236275777137362,-0.7002777778678575,-0.30030193887293755,1.4778263039317703
-0.006633767122399936,0.32933373884390993,0.8234464336424818,0.673385534725547
-0.4342875389080125,1.0,0.2756938230550512,5.734794044491314
-0.08715382698777141,1.0,-0.16236331294846806,7.702754343322525
-1.0,-0.38592422635346746,0.7606943641610782,1.1022082261048889
0.8848506210267144,0.8666827139362854,-0.086381169428559,6.4667708896185845
-0.3246217286236035,-0.5184381910726941,-0.40139728546022724,0.9489907485848325
-0.14275721382956275,-1.0,-0.29863690489567607,2.209541022598765
-1.0,0.09054496941965584,1.0,3.57851718681206
0.6691838101372498,-0.15916548502093741,1.0,-0.7668548764733458
0.0462959421058422,0.5118455997958635,0.16361660815967816,0.48370511743159694
0.2651864745725605,0.04783793681662951,1.0,-0.5003739737939781
0.006213502446606789,-0.5376561290887172,-0.24625777375282976,0.3837757377156311
1.0,-0.0303685336228523,-1.0,8.204084256733369
1.0,-1.0,-0.857712208314952,-19.695278313770398
-1.0,-0.7673387619657119,-0.3248505821994174,2.3554732622939367
-0.03590034232304551,0.32549853026805065,-0.8568922769731306,-0.719483108039662
0.34229504285313506,-0.5900654696558969,0.17593756178480824,1.4125724808141364
-1.0,-0.2850592796440359,0.5353680861285246,-1.3094187075583632
-0.2699651728790091,-1.0,-0.15472237464643945,3.5463366931067637
1.0,-0.29921433551090004,1.0,6.682380144251117
-0.8076941664061092,-0.94262522311318,-0.9586128982440294,-1.049807321279868
0.859825563824123,0.7255086849465762,0.06860517360323781,4.035468648262606
0.7216371576862473,1.0,0.3159426043490685,7.591552173848437
0.22276129483554707,1.0,-0.4145027733128359,10.080247966276387
-1.0,0.4433750158134726,1.0,3.6832449308307913
-1.0,-0.4685857362621779,-0.8020551968457181,1.537951980100504
1.0,-0.99981360321968,1.0,-9.349671499266968
-1.0,-0.7191463349891223,-0.47973257791222745,2.1073743175480772
-0.04922555741950463,1.0,-0.6188387910299453,8.856541029904076
-1.0,-0.8428312207132751,1.0,17.662249887632417
1.0,0.19347737089963468,0.3676304134816957,6.823379456764152
-0.48920106898649984,-1.0,-1.0,-11.968356011930505
-0.4852434926632574,0.643349181132548,-1.0,-2.940838369023706
-0.034496778401932104,1.0,-0.7776081546871301,8.432843744310318
-1.0,0.5658240884123145,0.25835333017564466,-3.6914473113107182
-0.11781055766424031,-0.5830535821983565,-1.0,-5.748012405353269
-0.9506102419238829,-1.0,0.3344078569148943,9.256673794990599
1.0,-0.24644158739538802,0.5734939577910392,6.180672779662168
0.6984508426760878,0.6703584273675538,-0.6210188846828297,1.457976365544768
-1.0,-1.0,-0.43543720615066617,5.196849965950219
1.0,0.8488114176929524,-0.8932767091269929,19.0676237177493
1.0,0.5751186053442037,-1.0,14.028128041112536
0.8425581858318034,-0.09945367179435127,0.7183506737814149,4.037961713265621
0.47722451518109144,1.0,-0.8559852119222902,11.299074963403577
-0.13749069108890732,0.6302626578590562,-1.0,-4.350016741598766
-0.1370549575510993,0.4857911563594697,-0.10710822682261245,0.1824483007059497
1.0,0.2876658536210648,-0.39067081913517465,3.780880591111031
0.3212113626629327,1.0,0.22205894828912975,7.5384562051592
-1.0,-0.361592323226533,-0.1236180420624331,-1.9718158276871018
0.6988196991783735,0.4651099614203844,0.38244031997860906,1.7487497517483912
-0.2776347092308735,0.6959313479101092,0.8086274708754264,2.5357638631875883
-1.0,1.0,-0.10196555215911762,8.429623187142784
1.0,0.9622205160427684,1.0,25.44556570129598
-0.11241919887989882,-0.35599658404514845,-0.6137701819197467,0.7033001709312731
-0.6656267633723796,1.0,1.0,15.90163172172447
-0.6641102629399449,0.7488118981266325,0.588174912539712,-0.5583424715466109
0.1098571020655239,-1.0,-0.16827440004179084,2.497309543365452
-1.0,0.19953821576771658,0.08063428697104125,-4.888271318171504
0.7179736052324843,-0.6664298421881891,0.8601818612699554,-0.7444048004783156
-0.5475426287259249,-0.14940420096656415,-0.7303226177388007,0.4514292446189433
-0.22513110290264038,-1.0,1.0,-5.949613009347724
-1.0,0.3987764377299634,0.10895516156694152,-4.697736190328159
0.6626803800660459,-0.09298242684501834,0.4082396131734083,1.1846392133082035
0.7923908246601759,-0.0018415998727832061,0.12062755338171094,1.8371413731841053
-0.7395781146481495,-1.0,-0.4175230544339641,3.7510802494321105
-1.0,1.0,-1.0,21.745704425680184
0.29287873870840464,-0.12520619503120156,-0.20016792909385517,0.9595334883656172
-1.0,0.10214944497954548,-0.4798842350672363,-2.0843487135341405
-0.1411231843087728,-1.0,0.21180511718481188,3.046287496226401
-0.19256717102745302,-1.0,0.1666639788185631,3.159729890002592
-0.30355898389291247,-0.9911736807542957,0.5357971236534034,1.8444051700434838
-0.19682068825744525,-0.9564704632719179,-0.7618350612677354,-3.869120952825796
-0.17064783641289782,-0.4544271564459619,0.034451091464344774,0.6294040610823511
0.5867151226858665,0.2146622191136791,-0.8672665751084521,0.6014255474984919
0.5064522999076886,-0.8922423032162805,0.6502472887342103,-0.4285454749945336
0.4510437055442167,0.19252554001112387,0.9108774166251379,0.19223948104856836
0.44371903512063215,0.15131342026955386,0.14329386491898055,1.2663018832304656
-0.20579740312734107,0.4870000671938943,-1.0,-3.691887522682676
1.0,-0.24059801801828318,-0.5031645139916416,4.934786794215143
0.5783857642185899,0.4222066533196889,-0.6009332000800476,0.5484022105169654
0.5310776216493271,0.7926466004544512,-0.6625602263170349,2.408223590803859
-0.33317226464564986,-0.07411963062196247,-1.0,-1.3434397519245325
0.8471594756145491,0.8474566227078995,0.5490660286324269,7.727211231352703
-0.14346803102841488,-0.33886682944287383,0.6664776548179625,-0.016744779331317516
-1.0,-0.19392710660029477,-0.35991621403250185,-2.892236586860534
0.0078228646453804,0.25196911182428217,0.12104770374956875,0.9439527488748478
0.061976243818187005,-1.0,0.3305372417894825,1.058097476905278
-0.3233389594122251,0.9559229988261813,1.0,13.541761113626134
0.9246413963255367,-1.0,-1.0,-29.503036309623898
0.11065588072662558,0.8113492567532437,0.32855255699000074,1.8791961380966415
0.20066969590139316,0.9850474801604006,1.0,9.711741319810173
0.7544151326514474,-1.0,-1.0,-26.263942050093533
-0.4963261977618776,0.6807124187872469,-0.5935270762528038,-1.9231715188272775
-0.5526560357749437,0.8495505455620849,-1.0,-2.798165774885908
0.8213718092717748,-0.0615727953687899,0.05887977382757903,2.4552611822361325
1.0,1.0,-0.5975367993565659,22.38785459864111
-0.6695993440542445,1.0,-1.0,-0.23159989462881247
-0.6520026357662609,0.5990023695763187,0.6673849582323661,-1.1196740805985501
0.26731990086206614,-0.8534683661790867,0.4897014991740525,0.7744086491268581
-1.0,-0.6326271483061423,0.5129021472716944,3.579372431316816
-0.664958648702149,-0.3843379115136054,0.378529350380874,0.352047632790605
0.34617069245328036,1.0,-1.0,6.4368601454049355
1.0,-0.31360004333870406,0.26033415860434506,4.486689106384633
-0.054991999105954426,0.7465791208519585,1.0,6.422743109280147
1.0,1.0,-1.0,38.54183582604016
1.0,1.0,-0.13210983856202252,14.571875832900984
-0.45702772040802553,-0.9639018558823806,0.16648131241464048,3.144490266737257
0.2092850029467821,0.05894695302191688,0.004197271861221319,1.4427270363974414
0.09002816623264231,-0.06274269456645598,-0.8949843749762008,-0.7256349571823124
0.11224207155426247,-1.0,-0.7560919437575455,-6.259840367254651
-0.5150575088485936,-1.0,-1.0,-12.230463647266475
0.3104862898757328,-0.6270055518730964,-0.30690682073105036,1.3271651369925597
-0.49083086649767327,-0.8328650281182701,1.0,-0.4684459607563197
0.49801009302803445,-0.29023608104554643,-0.819842794677246,-0.46493549217377583
-1.0,1.0,0.45576957501119186,1.5037681241118537
1.0,-0.4504680115237374,-1.0,2.272541532971748
0.8000755263574433,-0.5475596390963815,0.07758775235589388,1.987931290150775
0.8979114231731522,0.8774849000369869,-0.69803054575412,10.020796856270254
-1.0,0.7280227799784147,0.5998104779198465,-2.901409396546239
0.26671796181141927,-0.06534710413196665,-0.9429264564631161,-1.8181297541688415
0.28853134171601424,0.09522444123805696,-0.17342030732433766,1.7047550113488876
-0.3279326343875395,-0.8904215236846325,0.5479670548330795,1.1747124783347527
0.8651564357655122,1.0,-1.0,20.993701243733014
-0.06356860455880664,1.0,0.5048176088236234,8.251840043691482
0.4957905151061628,-0.6425840051559317,0.7588703270817556,-0.8293155993541922
-1.0,0.010712954568848243,-0.7205442827581834,0.8861765502886749
0.5816072279073239,0.5924360121265224,1.0,5.714549754881442
0.16859119515991994,0.9453031925818514,1.0,9.761967219517338
-0.32506990002266223,1.0,1.0,14.452647323810712
-0.12908156673436966,-0.7320430567308107,-0.051441765316485366,2.5533648610926414
-0.36194451082668344,0.2794405744371484,1.0,2.7791690233012063
1.0,-0.6834698906234198,0.4170610857946391,3.3925289129070486
0.548968674275853,-0.025410374522309764,-0.0064663221910998825,1.5265698514627313
1.0,0.5626438011375787,-0.3208389264857556,5.526787144630579
0.036866670553849845,0.22312308191240193,-0.0911762341680471,0.6243638218695863
-1.0,-0.8110230706867907,-1.0,5.803077252090802
-0.0023141513105693345,0.8889465990339778,1.0,9.909247770581361
0.7239984946832048,0.026503342553459097,1.0,2.5631905466733977
-1.0,-0.7031436253109851,0.2536725992702926,2.5300578817162145
-0.6631719246123451,-0.8346908788622722,1.0,1.703940899631204
-0.12600435668215448,0.3850807627988897,-0.15130925191720368,0.3563077699671568
1.0,0.057750300834174206,0.9910811546849227,12.487241002120115
-0.3796311308566256,0.19682502387228906,1.0,1.8025782709671128
0.041385303520381944,-0.9898138499121019,0.8328730162506894,-2.3172774558042195
-1.0,-0.3064894023642475,0.11980582979493337,-3.9265309833451356
0.10474172884329769,-0.18326439147872708,-0.6842597934571639,0.7073197635436077
-0.13287934679307756,-0.4840747869454405,-1.0,-4.978340742946292
-1.0,0.9627732420423913,-0.5907173337365565,11.308725898868602
0.9479213101984789,0.42799804066643876,-0.2784259990942486,4.228478286327852
0.2940313042678191,1.0,-0.026112516998467283,8.446844542568037
0.049608107518620104,0.2968067199787874,-1.0,-2.7135170526893413
-0.3023344084456723,0.6464558195955574,-1.0,-3.8413368788113633
-0.91616399421796,0.529018224255857,1.0,5.485606335546936
0.01613148689232502,-0.24491415998371324,0.5748311711003169,-0.07582765457948354
-0.49294101438926696,0.8292407809370586,-1.0,-3.4063694211439657
0.297970371519537,-1.0,0.6145229381435375,-0.5842912843776891
0.17593146025291917,0.45301448347450135,1.0,1.9245321286345436
-0.5251872092323613,-0.8012441363048322,-0.8057252556887311,-1.1681125361989235
-1.0,0.5353910114778921,-0.7572796027212303,5.656233333199833
0.37444274530283117,-0.17913090394858733,-0.10839894893162239,1.5421975467254587
-0.7637849523757316,-0.86049532199273,1.0,4.904797601247155
0.7010957484396638,1.0,-0.8052586092763756,15.005722488112871
0.010298563874553857,-1.0,-0.35629420611181684,0.5054089570182869
-0.2900706644190698,0.9128445234911811,-0.6188664898747163,3.383612434567846
1.0,0.4820018138901947,-0.7186820990296534,6.908770750079185
0.16020484702724924,1.0,-0.25418528296842013,9.0500945985253
-0.7953720729334495,0.8278068470509696,0.3099775104626701,-1.5633189057844028
-0.10225702277791182,0.01977659550129096,0.3448160080505758,0.15075690979212877
-0.6752871035841219,0.47746512472709113,0.18189859581621626,-2.3591592319353425
-0.7636072826736924,0.5252918874985215,0.5198391468784682,-2.1145289992228986
0.9477850829543641,-0.8085364221318398,-0.8263583191458033,-1.7024619348744632
-0.6876746978019186,0.9894673986549432,0.9704468607707397,14.078905595323079
-1.0,-1.0,0.37607120174883324,10.074627592000253
1.0,1.0,-0.681688938157375,25.254743986027126
-0.10832761388998402,0.6453121563203807,0.2743916503768067,0.7148427229335503
-1.0,-0.1579503452470481,-0.7190717403065952,0.08394959984845662
-0.08615894358236842,1.0,-1.0,2.948854932006312
1.0,-0.9141706653306334,0.15199375040935714,-2.952047276396024
0.13220515820042578,-1.0,-0.11021899609162844,2.5578580899676893
0.079804179582045,0.7379321143006277,0.15861844994902552,0.28215589248075745
-0.3668616853867366,-0.912860940553333,-0.017733993215750754,2.7753250107781593
-0.7180195070735607,0.9144053281235511,-0.19274483106657492,1.3611560113920993
0.569057820630317,-1.0,1.0,-6.4773645461915415
1.0,1.0,-1.0,38.7614785358908
-0.5991275218905152,0.16249977547033279,-0.8949601035421753,-0.16504571336958176
0.22638639382227477,1.0,-0.3979880430436282,9.828672127494135
1.0,0.32053260521845783,0.522955675600286,9.081099169975024
0.33106680793692034,-0.009273640781453318,-0.5114158066856742,1.5941397374640518
-0.6900573446206526,0.21952786197872665,-0.45268885894261257,-0.8473103380722649
-0.39961874280127807,-0.3726578544643091,-0.3615057897003997,0.2548970885455629
-0.31887710591923213,-1.0,-1.0,-14.663963065789028
1.0,-0.40797603042244424,0.6038447130947149,5.320461849513774
-0.88927708566339,-1.0,-1.0,-0.8224410962793692
-0.34031415722283764,-0.5301344986585499,0.04182938840988348,0.7460227567891673
0.4362841307284029,-0.28451273433368063,1.0,-2.3834688846502337
-0.33915364948873705,0.41990611323094207,0.09065110098819829,-0.38405138045437864
-0.33254999634595594,1.0,-1.0,1.523951288756007
-0.05868326260440959,-1.0,0.9301143281131066,-5.533803877737669
-0.28167703962151336,0.7930057801025383,-0.2643240603002899,0.8915888088768317
0.1981072347498527,0.4779567686668664,0.2880876796193337,0.7268587016639397
-0.3776793908579765,-0.4519140762014937,-0.5861592677452598,1.266430791664625
-0.3124168730956953,-0.054482479518144,-1.0,-2.0925140944106846
-1.0,-0.18625805378720295,0.7820284896027203,-0.327872897258773
1.0,0.9401356037746247,-1.0,31.23228416725566
1.0,-0.0889734575927359,1.0,9.847828593840255
0.0916529543159077,0.5880188294362287,0.308145777011525,0.9729316236834404
-0.9109459009012786,-0.7173640683848193,0.28858069248981355,3.052145449368672
-1.0,1.0,-0.21062344356817464,10.569304109133613
0.13752210059920889,0.6498494123603054,0.5139490102809501,1.1187857110394954
-0.11932380722663383,-1.0,0.7359849139487873,-0.7464410109390147
0.3774185346155563,-0.5246036572320805,1.0,-2.939055057695341
-0.2499968476874943,-0.8795280880226706,0.29141962562168655,2.529166785533994
1.0,0.5306111278177679,1.0,22.499821950363714
1.0,-0.10782554206482398,-0.26184400853705925,3.858062803396412
-1.0,-0.40485118529265374,0.9321390781449845,5.28427904334132
-0.2979331072851332,0.6670374952250537,-0.39004562593195113,0.3086369785559801
0.954959109286206,-0.9789409238811795,0.7185546079347438,-3.967482421756343
-0.8650155127564536,-1.0,0.6761343920918408,9.554826092773853
0.0823350807699188,0.36027073705079427,-0.034782043113096295,0.3343378116753014
0.2955058320076027,0.5647882001785178,0.7581220881796424,1.6736362899047765
-0.8959283758933498,-0.3724788380743538,-1.0,5.4873124215602775
1.0,0.5373700464789573,-1.0,13.089564734105123
1.0,-0.3030792982880821,1.0,7.2235441134342535
-1.0,0.2606227879041454,0.47019591620747625,-4.2049710958507145
-0.05473356734672952,0.4300486582336447,0.23824503157362642,-0.36448333387272164
-0.33744039681259386,1.0,-0.3332619487660684,7.593036852975919
0.8809454568989423,0.45157533056921384,-0.029380114924325573,3.7115753087787486
0.4927390003768177,0.05502362699534724,0.300462179900548,1.0936275584309265
0.3091424954330819,0.1354744920266433,0.5666515843276378,1.0742742446459987
-0.2548513551174356,-0.23110995041427662,-1.0,-3.0161552366088915
1.0,0.7001141062000293,0.6059196065693893,12.686906882849325
0.341093111083435,0.12478470009310882,-0.6843986234106287,0.9373481360848559
0.24638935806557494,0.13821854561738833,0.6763784287275216,0.8780770750204603
-1.0,1.0,-0.5569849913244931,11.806725456474622
0.9783753469993175,-1.0,0.05148603767028126,-7.772474836562438
-0.03043925937660208,0.46574012128135145,1.0,3.6106887760120703
0.8353664411981416,0.36716332170430177,0.3805546067903889,3.9542666290036625
-0.6363026005063577,-0.8138622484774682,-0.799456287973924,0.0029044165384812803
0.7112925571296804,1.0,-0.06230790847782197,8.52837730523945
-1.0,1.0,-1.0,22.79711556302341
0.21060346370683503,0.8927119883365768,0.7146432607579452,6.0004973241996025
-0.6429057297216834,0.47876709018569596,-0.9211458582712888,-1.4791543840681456
-0.11745893823128428,0.7573239833369023,-0.8410985611088835,-0.7300284803613218
-0.23825713267534754,-0.6037874196615252,-0.9591953819103758,-4.190672546787097
-0.0930737534709043,-0.03598489722429998,-0.6358959091877183,-0.07078022329089129
0.055552059115227204,0.5371028905960551,-0.5847290958848026,0.28066986082292433
0.3802541812761593,0.7754063706357595,-0.641583635282841,1.5098751926247393
-1.0,0.4925525957115402,-0.9879551813222867,17.298859433744816
-0.17115677781392646,-0.42101231204177414,-0.6017185479574465,0.8505665529915575
0.7714951874480509,0.43950954948378107,1.0,7.967075703598095
0.33211670501151946,0.056569600730052017,1.0,-0.07655644621273555
0.8180755938527884,-0.5260158762280838,-0.18325531109108972,1.4318111726886078
-1.0,-0.6365735124895298,-0.6738514697495037,0.24713560046557748
0.9250414027423399,-0.6109271739659903,0.47624345626314657,2.9027503249615405
1.0,-1.0,0.8759706343784281,-7.020812787885947
0.46362414367404625,1.0,1.0,9.746971973273562
-0.09693025375895514,0.699307835775993,-0.7517109977314995,-0.5892733340661533
0.4617487586128526,-0.9622373361754322,0.045188705546887364,0.9746202532396732
1.0,-1.0,-0.8348658303490557,-18.037328255011815
-0.48913219594196233,-0.5489229108943863,-0.6766231026819689,0.470268794061711
1.0,0.26627101746274584,-0.5913343499617134,5.68669357382813
0.34830401117367815,0.3961741550484683,0.48669349738728385,0.2996270544649745
1.0,0.386454407867761,-0.5920739943881108,5.6347542915680835
-0.3001308131853988,0.2166428085908687,1.0,1.833324888904352
0.10626943947062584,0.16898046896599506,-0.9895368738796835,-2.889986049338978
1.0,0.18709697136388526,1.0,16.03071878729025
0.037035928233223325,0.5144538199561164,0.6174381969057448,0.6648936692961921
-1.0,0.4396204194980817,-0.06033000541634803,-2.946046611707639
-1.0,0.5613401635670963,-0.22017630258955712,-1.0928170293456294
1.0,-1.0,-0.1279717339970987,-8.277138015959839
0.554393781732883,-1.0,-0.37638057127512603,-2.0090539003392154
0.9025856129129448,1.0,-1.0,25.617393656027552
-1.0,0.34930224263966103,0.24463141403573196,-4.777082933075872
-0.7651643005375779,1.0,-0.40572499740771595,4.880483576071356
-1.0,0.2894789509393765,0.9561520605987655,1.278250260729562
-1.0,-0.016415389683817283,-0.5387187191207108,-2.001212469390383
0.9927702832401992,0.44171397314853,-1.0,11.62168464716753
1.0,1.0,1.0,26.802492633965873
-0.6346494358951043,-1.0,-1.0,-7.666162598791552
1.0,0.23307381497681945,0.5156189665118194,7.481926327608738
-0.49700932124866815,-0.6390358116067034,0.15830567436702925,1.3252823616589195
-0.9688990879911394,0.3920275231830095,1.0,4.289333175533736
-0.49436017434092916,0.7193833615308975,0.1180918912547888,-0.5453971290841475
0.16291339025623075,0.1833216587980604,1.0,0.7508679387050363
0.6492646264687558,-1.0,-0.7515074192300015,-9.626148295857185
-0.26614572611568765,-0.004776355138931931,0.04914577714422386,0.3606755160278947
1.0,-1.0,-0.2150076624505668,-8.938215888877656
0.22527317253169987,-1.0,-0.21995371423170296,1.1740002321940504
-0.09133304109483054,0.16451296605594812,1.0,0.7182020014568365
0.6712521954736355,0.9751826365895524,0.12608977994191495,6.7723987306601705
1.0,0.41192843225627196,0.6707473323736222,10.97334334075351
-1.0,-0.9707070655490149,0.5531515828016176,12.637056172789638
0.9146769940829993,0.3285151101131305,-1.0,6.199380676496235
1.0,-1.0,-0.7197273703387397,-14.515634596477694
0.3989895801377745,-0.16071519025732361,-0.23237734453962067,1.3419760598427157
-1.0,1.0,0.7427018589141452,2.138591766620172
0.3946120330027063,0.4703344378333161,-0.6533226372647245,0.3868859950049077
1.0,-0.11569258109354963,1.0,10.210973665448458
0.9376274360826276,-0.149625384638866,1.0,7.96230157481965
-0.5525845078821523,0.8734029617427361,0.04953566035126333,0.8010916662578902
-0.09269635745490334,-0.5057753805971377,-0.8076156825257343,-0.8215955140767154
0.10102013203971705,0.754224996487046,1.0,6.477734004500872
0.37439948087351804,0.36682498267591934,-1.0,-2.691000675965067
0.7604046063454628,0.8723541637487484,0.5846164378063206,6.040989049041711
0.5014055105857518,1.0,0.9978279727904749,9.52107150531062
0.11215567266649407,-0.45697991680850847,0.16853565986083097,0.15624036021254895
-0.9162823188376832,-0.6206249441353331,0.24533779356412522,1.145975543240732
0.55967222473288,-1.0,-0.09462865594136693,-1.4356269525575556
-0.8697570420280349,0.3268281764929688,-1.0,8.060725461527287
1.0,1.0,0.4163214502891719,13.227137116638948
-0.276420915243768,0.15542691209378923,-1.0,-1.9796239337460861
-0.5811690943518881,-1.0,0.4764587210667217,4.0443071221427775
-0.8577656612342464,-0.7752154189004556,0.33188872716051665,3.9735074359245646
1.0,1.0,-0.17011735757692836,15.66917645096667
0.9159904297878181,0.09339988453582193,-1.0,3.6636058299957566
0.5007112565187193,0.4160034929924683,-0.043795588765972226,1.2340876430644176
0.43124994167826114,1.0,-0.1431947272849552,8.76526106192364
-0.36696932839659446,0.8214632497475769,0.12825752566232085,1.4141427859627242
0.05331513075338834,1.0,0.251771936106032,7.677853784449978
0.8719995708023422,-1.0,0.5839520666852624,-4.374667128878806
-1.0,0.7184807235535098,1.0,9.302570688149805
0.7252776043625824,0.8892036944878174,-0.1971227399095845,5.65049821611259
-0.2608137176525511,1.0,0.14836100483033343,6.499282922044342
0.4648530559408717,0.003778836623845372,1.0,-0.19039867417242695
-0.7890714579995182,0.20424287436276067,-0.15568914270722423,-2.408393397006904
-0.15714501431393457,0.9725964940166203,1.0,13.076463965162205
-0.08543335952350772,-0.31441791450680556,0.461860900362028,-0.6174941894948336
0.2618338702997507,1.0,-0.06351844006666041,8.911465384845911
-0.2240070061456605,1.0,0.317566640174753,6.76757346287336
1.0,0.6769053299048902,-0.19868342061066802,6.699685183242385
0.9664233639281996,-0.051432991585995014,1.0,8.984481380099995
1.0,-0.6955627860050724,0.10220122636317552,2.2156599487894315
0.23725875926116835,0.15895199770648416,0.9393836867803644,-0.09177033451665473
0.3013755379776035,-0.49016119812195824,-0.5771090133739345,0.878202251856967
-1.0,0.826740236979441,-0.8731900889993223,12.406819219639766
0.13519616689984493,0.26202057657260713,0.9697077665033849,0.3526716376227613
-1.0,-0.705891986317875,-1.0,5.23908644627736
0.19115808553878133,-1.0,-0.2129836483361791,1.4082512031142689
-0.2560653996692204,0.39577253538408463,-0.06851607818323857,-0.24709492665689997
-1.0,1.0,1.0,16.23287971325698
-1.0,0.15960780327255963,1.0,3.390519217313233
-0.46366991597114304,-1.0,0.4180482524573377,2.3964331611800014
0.8013454272083458,0.05318592238811792,-0.06687636842605049,1.4497944714550832
0.2711377159323294,-0.49246660560629385,-1.0,-5.775569886741298
-0.10899644866989844,-1.0,-1.0,-16.459145440064475
0.09578539498056382,-1.0,0.106601246877849,1.451191188146416
-0.2038421812896254,-0.6123843304679086,0.5559836077125946,-0.4373978349283296
0.34737263511512473,1.0,-1.0,5.6227750134801475
-0.047820996857684595,0.498084384580338,0.31198078673541363,0.6594911502395717
-0.8043480787049859,-0.9635089727218551,1.0,7.029853434008375
1.0,-0.017415863970572154,-0.9822760552629799,8.774701270722876
-0.015075369622526091,-0.15227031522522627,0.13105465816924622,-0.4781473032314252
-0.2867775055027919,0.9695270440038615,1.0,14.323878494807188
0.15069781847300767,0.2708264372673701,0.03620448677628896,0.29085313465103674
0.35591364991052754,0.7208341815132973,-0.38509989200748396,2.6699594716165045
-0.6765682092274135,0.4526434362336138,0.542429818099353,-1.9216363222396875
0.4699616306301835,0.19811950684980228,-0.09311596973206693,1.3667280701522566
0.22088237014848966,-1.0,1.0,-7.194726716164837
-0.003514346328407747,-0.8784865600180116,0.20956628319083537,1.504572458426945
-0.3854733214802635,0.15780190859515986,-0.5347932160651454,0.49715609684393247
-0.40887095240168003,0.7563485628519109,-0.9004042739835334,-1.8239391171523582
-0.26874600152845307,0.47597143322831914,1.0,3.6971860936466645
0.4977492522091116,-0.32107598044626884,0.5700813638173732,0.9579779622910994
-0.712925453683005,1.0,0.19132002004465498,3.3187884221621613
-0.5110823319839497,-1.0,-0.7118377241776976,-2.616577154978027
1.0,-0.8954834062384274,0.5851623989472361,-0.9816096916174486
-0.16824675151022017,1.0,0.23145723334002377,8.351646295064617
-1.0,-0.6893032766708864,-0.43728959201701034,2.4486863981588467
-0.5431714518591022,1.0,-0.42964059819416733,5.92784986113227
-0.23819251389549168,-1.0,-0.26637726728850386,3.0943128688251096
0.9135281364255521,-0.24298515404347198,-0.7255841266282781,4.811057075269425
0.5733872419648216,0.5516221330528235,-0.28851489453434676,1.6666636025175285
-0.7030302194787159,-0.27838373946769557,1.0,2.791066723744791
0.071398747643584,-1.0,0.38014141311811933,2.2049359933746864
0.40873455567378825,-0.8513415150745554,-1.0,-13.396233277943718
-1.0,0.016299362075398838,0.6797774714708116,-2.8442457671255417
-0.07365796241139888,1.0,-0.9230133731432943,6.546666078821739
0.6819365350578812,0.012042869201689843,0.3288278653801666,2.2013173617071624
-0.3878038047196053,0.5707467426079111,1.0,4.695876511280786
0.05017153993811929,0.394270494927055,-0.8504898317037648,-0.7988562120899819
-0.5267527334941644,0.952564778857153,0.15959164663820702,3.2227965615790413
1.0,1.0,-0.563610693531722,21.328453063161632
0.01196198485011779,-0.8099053779346974,-0.44056803441214965,1.2827194595643474
-1.0,-0.3897522184628428,0.5743251399997327,-1.0529400917488279
-1.0,0.08077559528861267,1.0,2.6447034159673564
-0.19334772228516917,-0.3143253199081202,0.5685172527493596,0.47384629236398723
1.0,0.10772077845574168,0.6054785437591232,7.78965885358369
-0.9209706068481442,0.1384034564852601,-1.0,9.667144590990215
-0.4741958207090926,0.5316989471025448,0.8998763509311112,1.9152006375571884
-0.4447450521120797,-0.47571939696383536,0.6784067974580428,-0.5370909492228132
-0.8023528147078196,0.11190033882078154,-0.48729279596769626,-1.6804485728834293
-1.0,0.3067161030850196,1.0,3.4587206871232903
0.1631970989167686,0.6366399226708706,-0.539938443052657,1.0781804930356624
-1.0,1.0,-0.8322457263002012,14.21772482745193
0.48396099147396665,0.19152375657080412,-1.0,-1.9236169088273773
-1.0,-0.3310710988692491,-0.7885884002627435,1.6106709416531781
-0.5482960055652959,0.72659912225851,-0.8866443518453082,-2.0602220520549057
0.0686478867274205,-0.19062445479805,0.5166905358147647,0.511394133830072
-0.31118165916598284,0.13074044619428737,0.46970123246578277,-0.23637746892980546
-1.0,0.9266740881809727,-1.0,20.516697462888576
0.6600044277547654,0.08108524126998606,1.0,1.8525803830902992
-0.26733450508376655,0.42397889965083824,0.33825966050319956,-0.9603257373248042
-0.3847590353087751,-0.7190554360185313,-0.3966359378467923,2.2170113366302924
-0.3336925524773062,0.31899161726432057,0.6891841194699286,0.388195445832839
0.729683053664586,1.0,-0.21442164932725882,9.082907344923877
0.6038145479098029,-0.8680697983817127,-0.027486955516301537,0.23471860786795484
0.02409933592967839,0.9858899084038752,0.2440222395666085,7.003749134987132
0.5789144638196027,-1.0,1.0,-6.383069361782904
1.0,0.6790229658722406,0.7238835645286699,13.997201286612714
0.10101261107406079,-0.8561609253891027,-1.0,-12.128070785754216
1.0,0.10494503630817609,0.2681258524149708,6.057718439995399
-1.0,-0.20258194257467466,-0.07601067792943672,-4.296167583734942
-0.164344860810391,0.810093589269226,-1.0,-4.064481725159213
-1.0,-0.06210332717517719,-0.8885031283019844,5.403279335243585
0.5205013079582477,0.06278010596230477,-0.6670477482809019,1.073091809091752
-0.17252774810824145,0.37704532265374047,-1.0,-2.981192286495639
0.5216596401701035,0.9003345133697771,0.38506408152194394,3.157567539285176
0.29007094101345654,0.2427149940892157,1.0,1.3119059742756969
-1.0,0.18326869063670737,-0.027878030811911092,-3.878964502488569
-0.7496271196988042,0.03558767536253171,-1.0,3.242871329475564
0.26879607530740923,-0.5250836354117685,-0.42732372523777507,1.0196320292698382
-0.31043413450144364,-0.027259707833494184,-0.47217969212565847,-0.03046527084732098
-0.28173497616495347,-1.0,-0.7269691985869142,-3.6483177986113366
-1.0,-1.0,1.0,22.5202656143862
0.7670098045685256,0.2621061770807638,1.0,6.687793115292555
-0.8300315364105486,-0.18704932359056325,0.9458945722639371,2.0885112424936443
-0.21181699634837603,-0.24626089371873294,0.08656002651681916,0.7135736405772397
1.0,-0.22470697825710473,-0.12270629079233708,4.377884305925618
1.0,-0.6459558368289346,0.21896409845313003,2.4788240905815986
0.10232769007352327,0.01823542241007936,-0.6924938928560078,0.6826033851256663
-1.0,-0.09377894380414697,-0.027110965006275523,-4.300871428528561
-0.5574491994102955,1.0,1.0,16.038927525091754
-0.6263451719053801,0.5690369899226841,-0.5489016983031025,-1.8001652206915042
-0.12768394868517974,0.6347462660443552,0.3394435728545804,0.7039587545519121
0.061672998489032516,0.5634945795619506,0.4948411676789808,1.61497796342856
0.5883118050761131,0.458443420185354,0.5418871482000682,1.8210430580580204
-0.07108853834184314,0.7189591292713444,-0.7646991637245768,0.37637944764221287
1.0,-0.7261306114761705,1.0,0.7478974687068929
-0.17118489901880407,-1.0,-0.05152101800727671,2.1637900319777623
-0.6778024974400481,1.0,0.211771605058799,4.3151134743329065
-0.04870639518011788,-1.0,-1.0,-16.904909898907373
0.16732489859304467,-1.0,0.4608485207528974,0.7864602286636806
-0.20982935658151103,0.016845446758517735,-0.30715327593925057,0.45455820638554806
1.0,0.22306877590329277,-1.0,10.220959419314525
1.0,0.2181126645560898,-0.6039007847907738,5.450425369080427
0.5588354404577913,1.0,-1.0,8.564322885883596
-0.8280787005515504,0.21547365221351478,0.3120936214551482,-3.1140550776375493
0.8984960687904671,-0.2166838443116459,0.27961526808829706,4.385353903451061
-0.18188843536760668,0.5422569415572549,-0.26397308017118704,0.14072564727134287
-0.24882707300964024,-0.48731761726018474,1.0,0.028920578918811557
0.7792664362544399,1.0,-0.9011679980505811,16.926763647942952
0.3529771200570855,-0.3908488053642756,0.9289491643891745,-2.2350241656325593
0.3537674254576091,-0.7817644380721267,0.23456762166051748,1.0982632018846752
-0.5668367293328589,0.23691759648980337,0.5957186997893806,-1.3183939957996305
1.0,0.22328013502000976,0.2480876346567078,5.999432882435773
1.0,0.7089122218690387,-0.5482707615071227,7.127450340289145
0.21066954448135022,-0.8757108294104732,-0.2813901883975529,2.5341851884691655
-1.0,-0.22155803480629532,-0.570418000538111,-1.3849800522164806
-0.5414267747922392,-0.22110738862195123,0.5661709962304908,0.07507559976515081
-0.10341612791500587,-0.008139324216577037,-0.5906677297950329,0.6802360861381684
-0.23846349995300975,-1.0,0.9101372643394978,-4.507253283563227
0.8332217382469305,0.18642205689861724,0.14877293020948645,2.7182859120338683
-0.9996851525184127,0.16940387766931386,-0.6611448147357168,-0.20244035537982474
-1.0,0.3142999879634447,1.0,3.295555954491997
-0.5587747660703732,-0.16882027866054172,0.056470041379320435,0.1618631199179378
0.06976497046831676,-1.0,0.8057693908625168,-2.1597890682887586
-0.130461716715218,-1.0,0.9542685365373638,-5.1675420220782
0.4000279803435045,-0.021314509195871745,-0.18010270803011297,1.6832092788255997
-0.35923408636786514,1.0,-1.0,1.7040140559390813
-0.05273271518916833,-0.16797158226620046,0.015452506905522023,-0.4821554570947574
0.938569368923249,0.40870497317438614,0.2348381847007588,5.50298161780526
-1.0,-0.9710981426375833,-0.8846300571918735,2.887780165365206
0.6977979556027232,-0.47484096930000197,1.0,-2.355763917586371
0.029491628330829744,-0.04206811384402176,1.0,-0.678355465350239
0.6507059699945283,0.49555277443488954,0.29787768153685046,1.4607464256113318
0.19540508080356078,-1.0,-0.48465608335404897,-1.4487747676783314
0.34847001127884725,-1.0,-0.6285976346617488,-3.6432378030143697
0.5787561981470586,0.2828153033705987,0.12334050603470192,1.809087116001989
0.4707318480398275,-0.03330330946416238,0.7345531231871283,0.028029821159361923
-1.0,-0.23283827515621813,-0.08014686804072801,-3.913274381499686
0.6258778557073792,-1.0,0.7997661911172875,-3.724719487576692
0.25885115914871526,-1.0,-0.7436288420075305,-7.015006195267736
0.8729655279950514,-1.0,1.0,-6.916704701732332
-0.23811680290027426,0.15173312047930154,-0.5401489173508853,-0.004682766162326199
-1.0,0.19677342309003776,-0.24759999756519502,-3.0852308707695135
-0.33821532049065706,-0.11009784388918109,1.0,0.09154951865020411
-0.07194735375954031,0.6319779334189439,-1.0,-5.193302397263248
-0.8429234846543303,-0.11934058634629796,-0.6026192155146908,0.22405756650733977
-0.31446928290619436,0.032481922606818925,1.0,1.0818796026129196
0.06761875960990671,-0.5880373442254505,-1.0,-6.638983580222044
-0.5114416636559371,-1.0,0.04926748632962363,3.0655451001843708
0.8004687819156129,-1.0,-0.669907816122709,-9.740783113213054
-1.0,0.29620674186200113,0.030878727166716136,-4.948049497973753
0.7439156554899646,-0.6435273548145626,-1.0,-8.771270252564712
0.47799167250470087,0.4458399052507862,1.0,2.5911699024637933
0.0974035225633505,0.013438410032634795,1.0,-0.06803273226771694
0.16804890229857805,-0.7907695529038135,-1.0,-10.456008322415943
-0.9745004832450199,-1.0,0.7708532032130673,15.709296790626913
-0.4585883961018944,-0.31538088973645473,-0.588463862296704,0.23550513202413353
-0.5961264793314358,0.33433559494943754,-1.0,-0.6262584822963887
0.0525411119576118,1.0,-0.374568403302562,9.112763209714661
-1.0,-0.4477283669953087,-0.46842259749744986,-0.6346602828547258
0.2626384722366719,1.0,-0.5986370841312332,11.763041110479179
1.0,-0.16096704931539585,0.07752478834847998,4.1363438260325935
-0.43692191138634784,-0.6095706989639185,1.0,0.18092727531463587
0.5652017369682552,0.8127747206207276,0.8207766536721743,5.326627971193364
-0.5375756082376166,-0.12230066996660804,0.667833180167569,-0.3559284986587353
-0.9847591855711246,-1.0,1.0,21.106073868127407
0.6769853609447112,1.0,1.0,11.471537238798566
1.0,1.0,-0.8971409006160656,34.394163383112264
-0.41159249505971784,-0.36924236314950853,-0.41315697563077713,1.0558771154973883
-1.0,-0.42110075876500175,0.3804005127479255,-1.3656769403104105
0.5809530491367296,-0.6203181226371959,1.0,-4.189965642455897
-0.5575613291685324,-0.2932206126509229,-0.5013971049685375,-0.24814105301125267
-0.7014351288145679,0.0891154250846864,1.0,2.3865635186418417
-1.0,-0.29408687425260216,0.1690906820135365,-2.902513609874427
-0.5576243317410903,-1.0,0.5739885952307526,3.796838866320021
0.6511049957433428,0.6470715744949274,1.0,7.502545913733267
0.6384056737076023,-1.0,0.8292341988160032,-3.4878866479529202
0.5032205305933708,0.00756754633561596,0.5598921726138759,1.7416353718765996
-0.4624711414278735,-0.7541989412467827,1.0,0.960211979929976
-0.9505159792166495,-1.0,-0.526920092926985,5.438552760413939
0.6400408072122532,0.02116452230252519,-1.0,-1.9014554840025188
0.09182113917848689,-1.0,-0.32677553358699174,0.623121157427872
0.9067489021761721,0.30325449357771794,-0.23846393192786786,3.285457330575375
-0.6839233338377311,-0.5072602306907146,0.09102197823518754,0.7846851301952946
-0.5588954036761125,0.05224096908294373,-1.0,-0.1092784673620903
-0.17591511310949626,0.9752235158675047,-1.0,0.8894721726330832
-0.4327876272892841,-1.0,0.12465013177733608,3.409055984580555
0.3556836368277976,-0.8134008104712354,0.7072923063910133,-0.1443456843041433
0.10735137459065691,0.8740274838528981,1.0,9.52970709999139
0.8262368248023326,0.7596864819067051,-1.0,4.224602728531792
0.31643064427553025,-1.0,1.0,-7.261493872619425
0.7620445061553063,0.84498374177205,0.39166756007382797,4.57415532265293
0.35558049325674945,0.1886729372645557,-0.345030201748294,0.5563048073240635
-0.2663498227144425,-1.0,-0.6368664317336448,-1.8814978363080648
-0.8911881881681707,-1.0,-0.4719247080978939,5.264808212032949
-0.580515680066755,-0.07892039289455544,-0.0942492560264181,-1.0551515739988433
0.9213489375426653,1.0,-0.5897158962357716,18.84072698103656
1.0,0.3456518590791766,-0.044468241984862766,6.001950681958869
0.3911655790805961,-0.8666482026494293,0.4812041806672449,0.45498929302474533
0.2162113135593,-0.15993610230951427,-1.0,-3.520960471210685
-1.0,-0.0030279776543882253,-1.0,11.218462711531402
-0.2171213356786752,0.6666806404437813,-1.0,-3.8929656617772306
-1.0,0.14869705153573443,-1.0,13.893577627259587
-1.0,0.24892099792183586,0.023811194183413154,-4.481261024559136
-1.0,0.7607642164783668,-0.5656422947957469,5.2854748769556945
0.32938392818921103,-1.0,0.12744593124447157,0.7191347624993448
-1.0,0.24237897208958592,-0.554956441344032,-0.11786160474093688
-0.4674953694637729,-0.3942377150090097,-1.0,-2.4038181193940344
-0.3858192600028101,-0.9681799030156093,1.0,-3.480449290240562
0.26955439551860483,-0.5651613098901267,0.6972451714790955,0.47058947649859617
-0.389793370900978,1.0,-0.6236554836473858,6.780084824029165
0.06782308091792233,1.0,0.5284937067265416,7.718004747659402
0.4633706837190885,-0.6714582020581128,-0.3963830239512114,1.4313034710752008
0.005876947609227301,0.23566622161190365,0.5601797510853126,0.3340805803686515
1.0,0.5404724818437856,-0.38977073025828357,6.194977391787319
1.0,1.0,0.12889749794715288,13.596005729130006
0.021745952554574455,-0.8591172356583008,-0.4679550898941349,1.730856861947387
-0.13663542809095008,1.0,-0.4155895907756728,9.028938898014887
0.8149692091115179,-0.2714674802441439,-0.4265171832572412,1.7681594206884637
-1.0,0.01642931263483116,0.9630316477321565,2.1199585534142495
0.10610346297101803,-0.2794885729669865,-1.0,-4.2777074722831845
-0.04573362119514357,1.0,-0.7691585909272507,9.310901845856751
-0.06150455246786213,-1.0,0.2320077989448488,1.6732046281919573
0.978251887796288,-0.37929972298415326,-0.21010882035243306,3.8067038102938846
-0.626451107200555,-0.5209875413316194,0.5505028341866163,1.4031420133548747
-0.21771004997774557,0.004052312187879492,1.0,0.09755803177632283
-1.0,0.18842686775778894,0.2018199702635457,-4.562544340968101
-1.0,-0.5053791326345687,-0.1389001147429234,-1.8652106025407043
0.1753915610092891,0.3952445544330365,0.49203719118845024,1.4167912192430068
0.22756357515676395,-0.17546751798264992,1.0,-1.61385348271175
1.0,0.08808027093614701,-0.0748967758896033,5.291867721467632
1.0,0.511431301396432,1.0,23.709864297554578
1.0,1.0,0.6864721256340085,15.786645888260818
0.46224211727059306,-0.3813976208002867,-0.08548503694062504,1.311529647424307
-0.2765554439742339,0.2783125169599536,0.7377219298490254,-0.8579722207493519
0.1933118815813124,-0.3375853662214767,0.423200347703667,0.4692619129262913
-0.7112463818510386,-0.551919786110145,1.0,2.7443456240072353
1.0,0.01979439510528591,0.01571527541305895,4.695472060556145
-0.6019790442612749,-0.14803793663984832,-1.0,-0.21616728787967976
-0.18907181337872236,1.0,-0.6760264121632886,7.625039848803519
0.5424098141090306,0.8080498392543363,-0.3060696211601699,3.2575367024880224
-0.12452303976532408,-0.07069643061513164,1.0,-0.10807009509749449
0.10938184115659855,1.0,1.0,12.811431512732867
-0.782490623700903,0.007820052352122575,0.3515105705384889,-1.2806761207923238
-0.030041959651819772,0.9951707714181985,-0.6292486113148985,9.661048597269192
0.3005048131699497,0.6674226527788687,1.0,4.77634176007464
-0.9933035055961803,-0.09693152144328421,0.5095905059305641,-3.1969906346079253
0.28573086250987556,-0.061597613585977484,1.0,-0.24401972963163943
0.9233805622375917,0.26077075104577396,0.10779424632142609,4.5700976180300055
-1.0,1.0,-0.3851211826817611,11.697561234301554
1.0,-0.6243834887048829,0.7124145464007912,3.8945528504286107
-0.13946371558836845,1.0,-0.7619347531458847,7.569983314880816
-1.0,-0.22414076015301965,1.0,5.207812896559574
0.5766237231165852,-0.4420674635095194,-1.0,-6.183398343094484
0.5617989128002576,0.5875668314937537,0.04067574271288432,0.9612129462526604
0.1921544788186893,-1.0,-0.12265010079587224,1.111447142356563
-0.5068779124638385,-1.0,-0.04701073492497887,4.274772658724367
1.0,0.9652881996431859,-0.21651084981395563,14.360761221526754
0.18707500756772855,-0.49448869353411196,-0.3272241795784363,0.5004569430334442
0.7883409836313064,-1.0,0.7326074099104245,-3.0457767844995884
0.24231038501828994,-0.07812700117736782,0.020678162798827504,1.3601210177807987
0.6755433928748487,-0.5689593506106665,0.8202270249344668,0.18014077684842825
0.8682901107458405,-0.3083869100501806,-1.0,-0.9251629170438321
-0.2054503518810109,-0.06065759321357178,1.0,-0.2500420002370055
-0.30916376163175174,0.1740892488254393,-0.38832944103861244,-0.0802793464561715
-1.0,-0.2546218281617014,-0.5945082238688681,-1.9410188848122345
0.4802774695697867,-0.5255093684721877,-0.6066956361500098,0.8500756837951692
0.508552008457565,-0.07750868140805078,-0.3484326164323681,1.1598948556707454
0.011907649676926813,0.1252073515900065,0.9126369231605691,0.39900139593024575
0.26385316934769243,0.999496751017793,-0.46941023985813013,10.561783608203235
0.10535361329882287,-0.5380468360860822,-0.15848533088056116,1.9068497789850594
1.0,-0.7350030763800828,-0.6238719012018996,2.5529881760393662
-0.931648448465414,0.1353903406087189,-0.12238677756125349,-3.280346732462985
-1.0,0.7132050440153421,-0.6882533384178253,7.021601285002898
1.0,0.12947608928857535,-1.0,9.392913506119035
-1.0,-0.2026384253938549,0.7477587519383084,-0.35404400627520743
0.564806858218591,-0.9094194677353145,-0.8586504836349522,-8.621941185138061
-0.8958917915895623,0.8541060872745845,0.6347733268156839,-1.3698241749253537
-0.7902074616873729,0.8317597494115214,-0.4403476774423969,0.006974387877122096
-0.19986234431376326,-1.0,0.2374507733701956,2.5400477270762316
-1.0,0.4304918350402793,0.15185687295317352,-4.638331241557481
1.0,-0.2572354106078727,-0.7703693131001363,6.6524771711498945
-0.09051115196884552,1.0,0.33238063404944285,7.2893945419349455
-0.06558751510279937,1.0,-0.6501173120682127,9.903380945230118
-0.33632296390512173,0.0993233329943608,-1.0,-1.656467062822248
-0.9872153057852364,0.4667890368729224,-0.8410120268207115,7.7793273317962806
0.7868660126981699,0.4504878269824586,0.28679075652466746,2.4296065135378653
-0.585038480646979,0.9864831047839253,-1.0,-0.2790915085338569
0.885651810687581,0.2870616085679085,-0.12895182606173128,3.3275512680411796
-0.06654464258673132,-1.0,-0.21258217443590155,2.660888405636728
0.6312449589501647,-1.0,-0.5088831694894873,-4.080600344026446
-0.16995173301274713,1.0,1.0,14.799256364862403
-0.3199072135550478,-0.5039348635843626,-0.09774077613606358,0.7812322082899759
-1.0,-0.5294087594489141,0.744644242444354,3.8182878547751775
-0.8170937554510136,-1.0,0.23428073712679565,7.367880417372563
1.0,0.27317244852657496,-0.1934442529194096,4.866600869844599
-0.46887851335983033,0.9590171933366769,-1.0,-1.8953655412345154
0.4354191943468311,0.6183353207064342,-0.6593325306861928,0.09355983636109322
-0.7010168655013287,1.0,0.2054792796134033,3.6631516554359713
0.5270988067266522,0.19136483039291985,-0.08236545205386991,1.5363791762352803
1.0,-0.04267359643979152,0.20744944708868807,5.1752528572790615
-0.956612673319327,-1.0,0.26108431997430537,9.213886885411533
-0.3456797529925191,-0.9991963827889692,-0.3250604903595191,2.6075916094785505
-0.31550623022579405,-0.9632582958295819,-0.1377867247453446,2.57062061532954
0.6267807431530488,0.6167747217091819,-0.5185519294556624,0.7793968400473357
-0.4373328408196706,-0.7208406930611913,-0.24671999428039326,1.938848652890656
-0.09942779206341168,0.3475795030146993,-0.9844083964497881,-3.510949054522917
-0.4776317297094679,-0.7208749687238389,-0.916688250161646,-3.184598628012948
-1.0,0.9994698784110172,-1.0,22.17574287961628
-0.6680733538714858,1.0,-0.46974192430039197,4.15903572755886
-1.0,1.0,-0.2107754612060848,10.685780416453664
0.6478164253474128,0.3068610583562634,-0.5559340093585985,1.5671663832569729
-0.8949133084378618,1.0,-0.8458315192990333,6.391734307834862
-0.24739880099925604,-0.9952036141797773,1.0,-6.276508518831362
1.0,-1.0,1.0,-9.290746789855485
0.5996395107599084,0.6107007092033014,0.006910949717143122,1.0693029782064642
-0.8067040716435181,-1.0,-0.030075097866330003,5.562211389354237
-0.8508000936370774,-0.002162555391950649,0.3214963783001865,-2.640461948116911
-1.0,-0.7616433382728425,0.4631003540492351,4.9982139530863865
0.046590573898455334,-0.7065828840382409,1.0,-2.0623487697577456
-0.31386694842751983,-1.0,0.13191705481875582,2.5586862779323316
